"행정구역","2016년_총인구수","2016년_세대수","2016년_세대당 인구","2016년_남자 인구수","2016년_여자 인구수","2016년_남여 비율","2017년_총인구수","2017년_세대수","2017년_세대당 인구","2017년_남자 인구수","2017년_여자 인구수","2017년_남여 비율","2018년_총인구수","2018년_세대수","2018년_세대당 인구","2018년_남자 인구수","2018년_여자 인구수","2018년_남여 비율","2019년_총인구수","2019년_세대수","2019년_세대당 인구","2019년_남자 인구수","2019년_여자 인구수","2019년_남여 비율","2020년_총인구수","2020년_세대수","2020년_세대당 인구","2020년_남자 인구수","2020년_여자 인구수","2020년_남여 비율","2021년_총인구수","2021년_세대수","2021년_세대당 인구","2021년_남자 인구수","2021년_여자 인구수","2021년_남여 비율","2022년_총인구수","2022년_세대수","2022년_세대당 인구","2022년_남자 인구수","2022년_여자 인구수","2022년_남여 비율","2023년_총인구수","2023년_세대수","2023년_세대당 인구","2023년_남자 인구수","2023년_여자 인구수","2023년_남여 비율","2024년_총인구수","2024년_세대수","2024년_세대당 인구","2024년_남자 인구수","2024년_여자 인구수","2024년_남여 비율","2025년_총인구수","2025년_세대수","2025년_세대당 인구","2025년_남자 인구수","2025년_여자 인구수","2025년_남여 비율"
"서울특별시 서울특별시 송파구 (1171000000)","657,831","258,382","          2.55","320,557","337,274","          0.95","664,496","264,628","          2.51","323,147","341,349","          0.95","666,635","270,866","          2.46","323,526","343,109","          0.94","675,961","278,711","          2.43","327,164","348,797","          0.94","667,960","281,959","          2.37","322,299","345,661","          0.93","658,338","282,417","          2.33","317,346","340,992","          0.93","658,801","284,853","          2.31","317,180","341,621","          0.93","654,166","285,927","          2.29","314,347","339,819","          0.93","650,110","287,017","          2.27","311,728","338,382","          0.92","643,350","285,903","          2.25","307,898","335,452","          0.92"
"서울특별시 송파구 풍납1동(1171051000)","17,031","7,316","          2.33","8,384","8,647","          0.97","16,079","6,988","          2.30","7,921","8,158","          0.97","15,440","6,809","          2.27","7,665","7,775","          0.99","14,681","6,581","          2.23","7,264","7,417","          0.98","13,901","6,383","          2.18","6,829","7,072","          0.97","12,869","5,985","          2.15","6,300","6,569","          0.96","12,386","5,827","          2.13","6,061","6,325","          0.96","11,788","5,594","          2.11","5,788","6,000","          0.96","11,277","5,384","          2.09","5,543","5,734","          0.97","10,753","5,176","          2.08","5,255","5,498","          0.96"
"서울특별시 송파구 풍납2동(1171052000)","25,646","10,314","          2.49","12,303","13,343","          0.92","25,192","10,269","          2.45","12,084","13,108","          0.92","24,939","10,456","          2.39","11,920","13,019","          0.92","25,096","10,694","          2.35","11,927","13,169","          0.91","25,518","11,083","          2.30","12,133","13,385","          0.91","24,785","10,976","          2.26","11,777","13,008","          0.91","24,241","10,855","          2.23","11,494","12,747","          0.90","23,708","10,610","          2.23","11,181","12,527","          0.89","23,050","10,299","          2.24","10,939","12,111","          0.90","22,922","10,415","          2.20","10,829","12,093","          0.90"
"서울특별시 송파구 거여1동(1171053100)","14,652","5,572","          2.63","7,484","7,168","          1.04","13,356","5,274","          2.53","6,823","6,533","          1.04","13,232","5,422","          2.44","6,762","6,470","          1.05","13,114","5,493","          2.39","6,696","6,418","          1.04","12,980","5,652","          2.30","6,579","6,401","          1.03","12,539","5,647","          2.22","6,335","6,204","          1.02","12,181","5,582","          2.18","6,128","6,053","          1.01","12,027","5,573","          2.16","6,018","6,009","          1.00","11,821","5,571","          2.12","5,869","5,952","          0.99","11,725","5,602","          2.09","5,792","5,933","          0.98"
"서울특별시 송파구 거여2동(1171053200)","19,502","7,891","          2.47","9,695","9,807","          0.99","17,833","7,335","          2.43","8,857","8,976","          0.99","17,222","7,199","          2.39","8,507","8,715","          0.98","16,842","7,187","          2.34","8,284","8,558","          0.97","19,243","8,209","          2.34","9,451","9,792","          0.97","18,726","8,150","          2.30","9,210","9,516","          0.97","23,653","10,040","          2.36","11,549","12,104","          0.95","23,561","10,082","          2.34","11,486","12,075","          0.95","23,319","10,077","          2.31","11,305","12,014","          0.94","23,058","10,041","          2.30","11,113","11,945","          0.93"
"서울특별시 송파구 마천1동(1171054000)","22,674","9,435","          2.40","11,551","11,123","          1.04","21,853","9,350","          2.34","11,168","10,685","          1.05","21,141","9,174","          2.30","10,797","10,344","          1.04","20,559","9,072","          2.27","10,518","10,041","          1.05","19,731","8,975","          2.20","10,071","9,660","          1.04","18,916","8,814","          2.15","9,664","9,252","          1.04","18,479","8,708","          2.12","9,480","8,999","          1.05","17,982","8,568","          2.10","9,215","8,767","          1.05","16,162","7,761","          2.08","8,268","7,894","          1.05","15,169","7,257","          2.09","7,745","7,424","          1.04"
"서울특별시 송파구 마천2동(1171055000)","20,926","8,501","          2.46","10,677","10,249","          1.04","20,670","8,549","          2.42","10,482","10,188","          1.03","20,488","8,691","          2.36","10,418","10,070","          1.03","20,060","8,686","          2.31","10,177","9,883","          1.03","19,561","8,886","          2.20","9,919","9,642","          1.03","18,713","8,741","          2.14","9,536","9,177","          1.04","17,995","8,585","          2.10","9,212","8,783","          1.05","17,584","8,517","          2.06","8,985","8,599","          1.04","17,260","8,486","          2.03","8,808","8,452","          1.04","16,961","8,404","          2.02","8,627","8,334","          1.04"
"서울특별시 송파구 방이1동(1171056100)","16,215","5,969","          2.72","7,935","8,280","          0.96","16,624","6,172","          2.69","8,092","8,532","          0.95","16,506","6,201","          2.66","8,004","8,502","          0.94","16,394","6,262","          2.62","7,907","8,487","          0.93","16,188","6,319","          2.56","7,803","8,385","          0.93","15,682","6,229","          2.52","7,555","8,127","          0.93","15,361","6,127","          2.51","7,423","7,938","          0.94","15,124","6,108","          2.48","7,281","7,843","          0.93","14,999","6,153","          2.44","7,179","7,820","          0.92","14,926","6,175","          2.42","7,146","7,780","          0.92"
"서울특별시 송파구 방이2동(1171056200)","24,969","11,820","          2.11","12,154","12,815","          0.95","25,155","12,426","          2.02","12,166","12,989","          0.94","25,333","12,901","          1.96","12,208","13,125","          0.93","25,505","13,511","          1.89","12,187","13,318","          0.92","26,169","14,572","          1.80","12,316","13,853","          0.89","26,489","15,258","          1.74","12,304","14,185","          0.87","25,795","15,147","          1.70","11,841","13,954","          0.85","26,240","15,769","          1.66","11,956","14,284","          0.84","26,121","15,936","          1.64","11,829","14,292","          0.83","26,189","16,098","          1.63","11,762","14,427","          0.82"
"서울특별시 송파구 오륜동(1171056600)","19,698","6,005","          3.28","9,607","10,091","          0.95","19,547","6,039","          3.24","9,573","9,974","          0.96","19,228","6,016","          3.20","9,411","9,817","          0.96","18,853","5,957","          3.16","9,269","9,584","          0.97","18,484","5,956","          3.10","9,090","9,394","          0.97","18,061","5,929","          3.05","8,824","9,237","          0.96","17,784","5,889","          3.02","8,680","9,104","          0.95","17,796","5,896","          3.02","8,723","9,073","          0.96","17,575","5,843","          3.01","8,629","8,946","          0.96","17,522","5,842","          3.00","8,625","8,897","          0.97"
"서울특별시 송파구 오금동(1171057000)","36,792","13,760","          2.67","18,159","18,633","          0.97","37,818","14,304","          2.64","18,614","19,204","          0.97","40,749","15,548","          2.62","19,948","20,801","          0.96","40,858","15,838","          2.58","19,884","20,974","          0.95","39,504","15,697","          2.52","19,152","20,352","          0.94","38,446","15,640","          2.46","18,636","19,810","          0.94","37,800","15,579","          2.43","18,361","19,439","          0.94","37,413","15,612","          2.40","18,072","19,341","          0.93","37,913","16,037","          2.36","18,313","19,600","          0.93","37,150","15,763","          2.36","17,896","19,254","          0.93"
"서울특별시 송파구 송파1동(1171058000)","26,283","11,953","          2.20","12,527","13,756","          0.91","25,929","12,004","          2.16","12,296","13,633","          0.90","25,941","12,268","          2.11","12,305","13,636","          0.90","25,563","12,446","          2.05","12,030","13,533","          0.89","24,813","12,432","          2.00","11,629","13,184","          0.88","23,845","12,261","          1.94","11,129","12,716","          0.88","23,693","12,390","          1.91","11,070","12,623","          0.88","23,366","12,491","          1.87","10,830","12,536","          0.86","23,101","12,506","          1.85","10,642","12,459","          0.85","22,867","12,497","          1.83","10,534","12,333","          0.85"
"서울특별시 송파구 송파2동(1171059000)","21,756","7,377","          2.95","10,555","11,201","          0.94","21,263","7,298","          2.91","10,299","10,964","          0.94","21,014","7,315","          2.87","10,188","10,826","          0.94","20,691","7,414","          2.79","9,984","10,707","          0.93","20,646","7,648","          2.70","9,908","10,738","          0.92","19,130","7,209","          2.65","9,221","9,909","          0.93","18,806","7,185","          2.62","9,048","9,758","          0.93","18,548","7,126","          2.60","8,947","9,601","          0.93","18,564","7,216","          2.57","8,913","9,651","          0.92","19,313","7,542","          2.56","9,291","10,022","          0.93"
"서울특별시 송파구 석촌동(1171060000)","34,624","16,281","          2.13","16,783","17,841","          0.94","33,844","16,150","          2.10","16,378","17,466","          0.94","33,992","16,677","          2.04","16,455","17,537","          0.94","33,574","16,993","          1.98","16,116","17,458","          0.92","32,527","17,076","          1.90","15,501","17,026","          0.91","31,584","16,917","          1.87","15,066","16,518","          0.91","31,054","16,861","          1.84","14,740","16,314","          0.90","30,766","17,057","          1.80","14,573","16,193","          0.90","30,392","17,101","          1.78","14,332","16,060","          0.89","30,086","17,057","          1.76","14,201","15,885","          0.89"
"서울특별시 송파구 삼전동(1171061000)","33,461","15,703","          2.13","16,065","17,396","          0.92","33,216","16,048","          2.07","15,911","17,305","          0.92","33,014","16,366","          2.02","15,734","17,280","          0.91","32,201","16,269","          1.98","15,340","16,861","          0.91","31,455","16,347","          1.92","14,838","16,617","          0.89","30,325","16,080","          1.89","14,254","16,071","          0.89","29,526","16,013","          1.84","13,799","15,727","          0.88","29,075","16,130","          1.80","13,552","15,523","          0.87","28,703","16,166","          1.78","13,440","15,263","          0.88","28,369","16,102","          1.76","13,306","15,063","          0.88"
"서울특별시 송파구 가락본동(1171062000)","27,979","11,217","          2.49","13,995","13,984","          1.00","27,901","11,435","          2.44","13,909","13,992","          0.99","27,997","11,797","          2.37","13,919","14,078","          0.99","27,511","11,901","          2.31","13,632","13,879","          0.98","27,057","12,018","          2.25","13,410","13,647","          0.98","26,252","11,833","          2.22","13,019","13,233","          0.98","25,616","11,643","          2.20","12,698","12,918","          0.98","25,187","11,576","          2.18","12,471","12,716","          0.98","24,777","11,574","          2.14","12,206","12,571","          0.97","24,534","11,622","          2.11","12,113","12,421","          0.98"
"서울특별시 송파구 가락1동(1171063100)","897","382","          2.35","450","447","          1.01","889","365","          2.44","438","451","          0.97","1,104","437","          2.53","533","571","          0.93","27,624","9,810","          2.82","13,454","14,170","          0.95","27,792","9,903","          2.81","13,505","14,287","          0.95","27,265","9,786","          2.79","13,203","14,062","          0.94","27,387","9,858","          2.78","13,279","14,108","          0.94","27,468","9,801","          2.80","13,286","14,182","          0.94","27,348","9,756","          2.80","13,235","14,113","          0.94","26,960","9,666","          2.79","12,964","13,996","          0.93"
"서울특별시 송파구 가락2동(1171063200)","34,852","12,066","          2.89","17,112","17,740","          0.96","34,464","12,172","          2.83","16,965","17,499","          0.97","34,243","12,282","          2.79","16,770","17,473","          0.96","33,701","12,326","          2.73","16,535","17,166","          0.96","33,015","12,378","          2.67","16,240","16,775","          0.97","32,229","12,429","          2.59","15,820","16,409","          0.96","31,501","12,308","          2.56","15,394","16,107","          0.96","31,211","12,378","          2.52","15,201","16,010","          0.95","30,763","12,369","          2.49","14,984","15,779","          0.95","28,574","11,746","          2.43","13,942","14,632","          0.95"
"서울특별시 송파구 문정1동(1171064100)","21,460","8,333","          2.58","10,597","10,863","          0.98","21,421","8,390","          2.55","10,569","10,852","          0.97","21,512","8,588","          2.50","10,685","10,827","          0.99","21,095","8,555","          2.47","10,428","10,667","          0.98","20,689","8,571","          2.41","10,203","10,486","          0.97","20,012","8,494","          2.36","9,922","10,090","          0.98","19,743","8,468","          2.33","9,736","10,007","          0.97","19,521","8,512","          2.29","9,650","9,871","          0.98","19,691","8,938","          2.20","9,621","10,070","          0.96","19,614","8,957","          2.19","9,601","10,013","          0.96"
"서울특별시 송파구 문정2동(1171064200)","23,954","10,709","          2.24","11,474","12,480","          0.92","27,428","13,005","          2.11","13,094","14,334","          0.91","30,003","15,323","          1.96","14,083","15,920","          0.88","29,788","15,486","          1.92","13,858","15,930","          0.87","29,378","15,564","          1.89","13,608","15,770","          0.86","28,871","15,731","          1.84","13,266","15,605","          0.85","28,645","15,686","          1.83","13,108","15,537","          0.84","28,789","15,851","          1.82","13,199","15,590","          0.85","28,737","15,874","          1.81","13,170","15,567","          0.85","28,687","15,859","          1.81","13,093","15,594","          0.84"
"서울특별시 송파구 장지동(1171064600)","35,580","13,296","          2.68","17,315","18,265","          0.95","35,023","13,343","          2.62","17,022","18,001","          0.95","34,681","13,424","          2.58","16,856","17,825","          0.95","32,833","12,957","          2.53","15,905","16,928","          0.94","30,199","12,156","          2.48","14,627","15,572","          0.94","29,534","12,141","          2.43","14,278","15,256","          0.94","28,949","12,057","          2.40","13,950","14,999","          0.93","28,501","12,074","          2.36","13,722","14,779","          0.93","30,596","13,055","          2.34","14,702","15,894","          0.93","30,677","13,180","          2.33","14,732","15,945","          0.92"
"서울특별시 송파구 위례동(1171064700)","17,330","5,711","          3.03","8,574","8,756","          0.98","28,211","8,953","          3.15","13,753","14,458","          0.95","28,780","9,114","          3.16","14,005","14,775","          0.95","28,238","9,011","          3.13","13,750","14,488","          0.95","30,305","9,802","          3.09","14,751","15,554","          0.95","39,095","12,651","          3.09","19,042","20,053","          0.95","44,477","14,457","          3.08","21,705","22,772","          0.95","44,911","14,717","          3.05","21,902","23,009","          0.95","45,048","14,911","          3.02","21,938","23,110","          0.95","44,962","14,984","          3.00","21,805","23,157","          0.94"
"서울특별시 송파구 잠실본동(1171065000)","29,456","14,270","          2.06","14,015","15,441","          0.91","29,268","14,373","          2.04","13,894","15,374","          0.90","29,123","14,625","          1.99","13,831","15,292","          0.90","29,043","15,191","          1.91","13,736","15,307","          0.90","28,572","15,435","          1.85","13,495","15,077","          0.90","27,953","15,442","          1.81","13,264","14,689","          0.90","27,842","15,822","          1.76","13,270","14,572","          0.91","27,750","16,089","          1.72","13,221","14,529","          0.91","27,524","16,219","          1.70","13,030","14,494","          0.90","27,298","16,145","          1.69","12,891","14,407","          0.89"
"서울특별시 송파구 잠실2동(1171067000)","36,729","12,109","          3.03","17,474","19,255","          0.91","36,863","12,066","          3.06","17,550","19,313","          0.91","36,944","12,075","          3.06","17,611","19,333","          0.91","36,710","11,986","          3.06","17,548","19,162","          0.92","36,110","11,893","          3.04","17,248","18,862","          0.91","35,036","11,613","          3.02","16,756","18,280","          0.92","34,758","11,516","          3.02","16,584","18,174","          0.91","34,904","11,541","          3.02","16,703","18,201","          0.92","34,823","11,527","          3.02","16,673","18,150","          0.92","34,626","11,527","          3.00","16,541","18,085","          0.91"
"서울특별시 송파구 잠실3동(1171068000)","36,841","12,567","          2.93","17,677","19,164","          0.92","36,556","12,501","          2.92","17,497","19,059","          0.92","36,350","12,360","          2.94","17,339","19,011","          0.91","35,843","12,196","          2.94","17,084","18,759","          0.91","35,316","12,132","          2.91","16,824","18,492","          0.91","34,338","11,912","          2.88","16,337","18,001","          0.91","34,009","11,827","          2.88","16,158","17,851","          0.91","33,812","11,817","          2.86","15,964","17,848","          0.89","33,769","11,859","          2.85","15,917","17,852","          0.89","33,638","11,799","          2.85","15,831","17,807","          0.89"
"서울특별시 송파구 잠실4동(1171069000)","30,421","10,379","          2.93","14,726","15,695","          0.94","30,328","10,425","          2.91","14,645","15,683","          0.93","29,990","10,402","          2.88","14,477","15,513","          0.93","22,157","7,482","          2.96","10,685","11,472","          0.93","21,721","7,427","          2.92","10,438","11,283","          0.93","21,318","7,277","          2.93","10,229","11,089","          0.92","21,157","7,205","          2.94","10,189","10,968","          0.93","21,209","7,241","          2.93","10,219","10,990","          0.93","21,028","7,198","          2.92","10,159","10,869","          0.93","21,148","7,268","          2.91","10,231","10,917","          0.94"
"서울특별시 송파구 잠실6동(1171071000)","17,596","5,947","          2.96","8,363","9,233","          0.91","17,331","5,887","          2.94","8,287","9,044","          0.92","17,314","5,913","          2.93","8,262","9,052","          0.91","17,249","5,926","          2.91","8,224","9,025","          0.91","17,198","5,981","          2.88","8,119","9,079","          0.89","16,775","5,889","          2.85","7,945","8,830","          0.90","16,555","5,842","          2.83","7,840","8,715","          0.90","16,506","5,832","          2.83","7,821","8,685","          0.90","16,376","5,836","          2.81","7,739","8,637","          0.90","16,299","5,817","          2.80","7,723","8,576","          0.90"
"서울특별시 송파구 잠실7동(1171072000)","10,507","3,499","          3.00","4,906","5,601","          0.88","10,434","3,507","          2.98","4,860","5,574","          0.87","10,355","3,483","          2.97","4,833","5,522","          0.88","10,178","3,481","          2.92","4,742","5,436","          0.87","9,888","3,464","          2.85","4,612","5,276","          0.87","9,550","3,383","          2.82","4,454","5,096","          0.87","9,408","3,376","          2.79","4,383","5,025","          0.87","9,419","3,365","          2.80","4,381","5,038","          0.87","9,373","3,365","          2.79","4,345","5,028","          0.86","9,323","3,362","          2.77","4,309","5,014","          0.86"
